accuracy,prec,recall,f1,auc
0.8354651162790697,0.43317972350230416,0.8355555555555556,0.5705614567526555,0.835503530286139
