accuracy,prec,recall,f1,auc
0.9005813953488372,0.6298076923076923,0.5822222222222222,0.6050808314087759,0.7653586027499071
